corner,gain_db,idd_a,meets_all,meets_gain_55db,meets_gbw_5g,meets_pm_60deg,ncas_mid,ok,phase_margin_deg,tag,temp_c,ugf_hz,vbncas,vbncm,vbntail,vbpfold,vbptop,vcmref,vdd_v,von,vop
TT,44.146535595108645,0.0008002211364036318,False,False,False,True,0.3404412060650209,True,84.79080563011976,TT_v81_tm40,-40,3318321473.981329,0.7159570723484322,0.5188686484399377,0.5894455574364381,0.1339102293204215,0.2909926132622235,0.477839046021714,0.81,0.4909075436835193,0.4909074650884961
TT,48.638656011099314,0.0008855713506589787,False,False,False,True,0.2765236614682609,True,73.91949038133583,TT_v81_tp27,27,4383577805.044116,0.5841408596368801,0.4635155522073433,0.5701629128315027,0.1533052456008997,0.3321585489986306,0.4428498395380764,0.81,0.4489190211439446,0.4489404747422439
TT,46.68038479938091,0.000998511471016424,False,False,False,True,0.1807574950541618,True,66.92695858057488,TT_v81_tp125,125,4031193346.9378343,0.384387068791759,0.4425871282004051,0.5384460135235376,0.1830350485727677,0.3921973100011877,0.3931621647211401,0.81,0.393028671898842,0.3930286718618027
TT,54.81255851091247,0.0008884947605703136,False,False,True,True,0.3445880530446094,True,68.05707041356581,TT_v90_tm40,-40,5634236952.715612,0.7246215407088747,0.4968383352687066,0.5894456394964901,0.2065761757625673,0.3787288998164495,0.4821509632451972,0.9,0.4872337148272959,0.4872368352749702
TT,57.30982588228461,0.000966034675408089,True,True,True,True,0.2795151458055861,True,63.21213500613864,TT_v90_tp27,27,5072537126.441632,0.5904163201585574,0.4285739742061179,0.570163018814997,0.2255553081301878,0.4198232988720559,0.4471598843405065,0.9,0.4447720529700708,0.4447723281204489
TT,56.786040777563834,0.001070506687141494,False,True,False,True,0.1834642287291733,True,62.71737643685499,TT_v90_tp125,125,3163361670.4695573,0.3901184847681929,0.3121263380047629,0.538446136990422,0.2556232119072127,0.4797881686050077,0.3974854259818009,0.9,0.3820095418630512,0.3820095416058505
TT,60.729831340565646,0.0009565351862760797,False,True,True,False,0.347228995796411,True,58.48544621778183,TT_v99_tm40,-40,5494950397.755691,0.7301405031418344,0.4550945355777762,0.5894457312838525,0.2925613892207756,0.4670063791715308,0.4856701886423883,0.99,0.4826833224104472,0.4826833219952517
TT,61.61492491289428,0.001036605247019045,False,True,False,False,0.2818955332272393,True,59.95050487562861,TT_v99_tp27,27,3247631803.1081614,0.5954093246308811,0.362297469436582,0.570163123689406,0.310670238306342,0.5079831741088596,0.450751928825231,0.99,0.4389413730573729,0.438941372426603
TT,57.54744755680762,0.001153060604078652,False,True,False,True,0.185756534259932,True,84.59054785571982,TT_v99_tp125,125,344018329.5116506,0.3949716705164452,0.1569535450036723,0.5384462432304753,0.3401600366407262,0.5678208623676924,0.4011684564495239,0.99,0.3649120974429733,0.3649120936342801
SS,37.91618301157817,0.0007761068036005877,False,False,False,True,0.3498198583553997,True,89.92862447209735,SS_v81_tm40,-40,1945333553.8871658,0.737845064317853,0.5506816761409441,0.6301311023523818,0.1022815805526938,0.2691769462641347,0.5004213362334504,0.81,0.5165268437734027,0.5165268436692234
SS,43.31308764863038,0.0008563959030430844,False,False,False,True,0.2856178545423736,True,80.3645272261418,SS_v81_tp27,27,3482136616.232353,0.6051444668443637,0.5024653684203662,0.6122543729538176,0.1217535711248662,0.3116180664927102,0.4647151515447577,0.81,0.4744756240504373,0.4744756239459385
SS,32.753116208395205,0.0009922759031093767,False,False,False,True,0.188239597946345,True,72.92269787203958,SS_v81_tp125,125,3707155082.9099903,0.4015101789474412,0.78343758243258,0.5825588607738043,0.150216657997766,0.3734327837646636,0.4139814709669747,0.81,0.5197447706679005,0.5197447706413354
SS,51.85845055443252,0.000885529082836998,False,False,False,True,0.3550413341821087,True,75.93400702747104,SS_v90_tm40,-40,4706938537.184205,0.74877953900989,0.5386417287566996,0.6301311641212989,0.1445576953368156,0.3566370928344157,0.5050336015337864,0.9,0.5137829614466374,0.513782961580107
SS,54.38612849381465,0.0009514095582275916,False,False,True,True,0.2888497042688157,True,66.8668150747359,SS_v90_tp27,27,5020394386.229641,0.6119424196418999,0.4750386581146508,0.6122544647396295,0.1688919829414881,0.3990485449548823,0.4692760365789355,0.9,0.4711751368697227,0.4711751366255969
SS,52.53358097271757,0.001046500232959758,False,False,False,True,0.1910927559294436,True,62.536653805912096,SS_v90_tp125,125,3865037352.766022,0.4075679808374006,0.3828487067449548,0.5825589713037211,0.2021203098088513,0.4608419930169732,0.418491932139285,0.9,0.4097706590103935,0.409770659114204
SS,59.00758930738925,0.0009599264304867713,True,True,True,True,0.3579313883545278,True,61.864275222313836,SS_v99_tm40,-40,6149299739.899326,0.75483291880874,0.5098060094594626,0.6301312428870315,0.2019192264947831,0.4447752386735649,0.5086972336009302,0.99,0.5102399821887847,0.5102399818073181
SS,60.54792202709179,0.001021699943733887,False,True,False,False,0.2913702183649327,True,59.02736414164737,SS_v99_tp27,27,4809408641.84043,0.617243553330039,0.428186005864915,0.6122545640935515,0.231780529869803,0.4870776639648313,0.4730012668750985,0.99,0.4669094481972005,0.4669094477485662
SS,59.250191339892346,0.001122524846939022,False,True,False,True,0.1934815408340536,True,67.90077146609464,SS_v99_tp125,125,1457341719.4276927,0.4126390992392909,0.2486309033721206,0.5825590840715208,0.2702776417875802,0.5487619798212573,0.422283315581649,0.99,0.3993688687567017,0.3993688676905847
FF,48.197851314017974,0.0008140994470902062,False,False,False,True,0.3268431509291184,True,77.04228372499449,FF_v81_tm40,-40,4588324753.63122,0.6853332186895129,0.4758499947593976,0.544479286423061,0.1875213680075435,0.3180244401093109,0.4525849662076062,0.81,0.4612208891325451,0.4612208889889746
FF,52.1832620730033,0.0009088859827295327,False,False,False,True,0.263942669066462,True,69.51484025525072,FF_v81_tp27,27,4791870412.593667,0.5558742692677141,0.4174353625634461,0.5239432669002259,0.2052973439118502,0.3578377013683536,0.418649876011315,0.81,0.4197985358151772,0.4197985356637574
FF,50.0119738941168,0.001025132999008545,False,False,False,True,0.1703817511029097,True,66.40685015362,FF_v81_tp125,125,3788430839.4908557,0.3611838497417544,0.3488156940126635,0.4905491497211934,0.2352090445875185,0.4159884590805957,0.3704684889062718,0.81,0.3611136378235604,0.3611136371448361
FF,56.48022451229987,0.0008976589726665214,True,True,True,True,0.3302117588792824,True,63.749092043261726,FF_v90_tm40,-40,5633494031.09888,0.6923565673199213,0.4460373216205537,0.5444793828774137,0.2741478051712998,0.4060136372891051,0.4566235963873784,0.9,0.4567398302295096,0.4567398299636341
FF,58.42261291235074,0.0009844936131745594,False,True,False,True,0.2666830693079806,True,62.50375718313387,FF_v90_tp27,27,4432720818.680401,0.5616075141164518,0.3769962394936572,0.5239433778247444,0.2910720411858347,0.4457222662305843,0.4227318350981953,0.9,0.4149071298201129,0.4149071295007418
FF,57.87450339004896,0.001094447987925314,False,True,False,True,0.1729353354177851,True,66.01433740527932,FF_v90_tp125,125,2520848179.4514337,0.3665763084152467,0.2640036484255777,0.4905492675773828,0.3203822444900831,0.503756909943265,0.3746188280968319,0.9,0.3526423785270012,0.3526423780085792
FF,61.15724608359467,0.0009732094471896892,False,True,False,True,0.3325894010718322,True,60.15917048990751,FF_v99_tm40,-40,3860223523.844886,0.6973141052088624,0.3961432485630551,0.5444794778947776,0.3629517751848643,0.4944312989137597,0.4599979808200167,0.99,0.4513148603811977,0.4513148598576487
FF,61.220481347283034,0.001060071371662459,False,True,False,True,0.2689078274024904,True,67.88663848564599,FF_v99_tp27,27,1908416861.1910393,0.56626152458105,0.3046814611926277,0.5239434774979668,0.3794132341597404,0.5340136179860885,0.426194339995861,0.99,0.4079732258409103,0.4079732247945931
FF,58.6892128833508,0.001165589200073664,False,True,False,True,0.1751221323918767,True,82.99493374520733,FF_v99_tp125,125,523579951.08717287,0.3711935511934895,0.159699960694949,0.4905493641274786,0.4082925876305478,0.5919046892933021,0.3781971362518564,0.99,0.33793650825209,0.3379365056171192
SF,39.96478561332887,0.0008190023547471783,False,False,False,True,0.3547809619730434,True,89.34180182634587,SF_v81_tm40,-40,2325482716.488153,0.7475129121875294,0.5473612062699534,0.6196291924551642,0.1274793546450334,0.3113965392594113,0.4965719094017942,0.81,0.5098659957400504,0.5098659956287855
SF,45.07887410572618,0.0008914464899819019,False,False,False,True,0.2930905384533775,True,79.1071621343717,SF_v81_tp27,27,3897656882.7905073,0.6202659008720199,0.4956286391633987,0.6010858127022367,0.1492989633679408,0.3520532328554379,0.4608033198426357,0.81,0.4672755248192584,0.4672636219336909
SF,43.97603289605896,0.0009973585500666557,False,False,False,True,0.1972008337349508,True,69.56998295241009,SF_v81_tp125,125,4186519751.910156,0.4201354899012408,0.4934325929286284,0.570426302159394,0.1804677086450764,0.4114728230022471,0.4100579525532837,0.81,0.4117723753963652,0.411772375870509
SF,52.199311806185165,0.0009068920488189673,False,False,True,True,0.3610822815764212,True,74.7633129868023,SF_v90_tm40,-40,5139113946.625173,0.7607025955547306,0.5318722623003029,0.6196292732482624,0.1832104392808302,0.3993670278905409,0.5009238105288844,0.9,0.5065503307708369,0.5065503306775778
SF,54.91264291237141,0.0009718645157922631,False,False,True,True,0.2961937436559643,True,66.60164008542391,SF_v90_tp27,27,5317352083.058834,0.6267858423237808,0.4669493539590829,0.6010859289556867,0.209632759542587,0.43993352581649,0.465168608500495,0.9,0.4635587094099094,0.4635587091514049
SF,54.11152740555572,0.001067480834181026,False,False,False,True,0.1998683190167946,True,63.009756794114665,SF_v90_tp125,125,3945203627.3637223,0.4257914047839437,0.3618143803726673,0.5704264488419274,0.2452999719275988,0.4992573504512625,0.4144443241459959,0.9,0.4007001998125182,0.4007001995864031
SF,58.98754647694125,0.0009692638269799766,True,True,True,True,0.3639970985178175,True,61.46826546533306,SF_v99_tm40,-40,6380718967.874533,0.7668053451067439,0.4999678816309379,0.619629373626699,0.2602779141816078,0.4877926790010687,0.5045050555433255,0.99,0.5025618222267992,0.5025618218782054
SF,60.45992687661566,0.001034897956549699,False,True,False,False,0.2986081717943772,True,59.36974292486049,SF_v99_tp27,27,4796650106.41624,0.6318581516915632,0.4175431329647,0.6010860523706165,0.2887564625149837,0.5282385276488176,0.4688311178243232,0.99,0.4588300724903642,0.4588300726756281
SF,59.19191351707917,0.00114155018344491,False,True,False,True,0.2021326622414436,True,69.93197851330676,SF_v99_tp125,125,1387848252.7583141,0.4305919244385772,0.2414927500345035,0.5704265857063294,0.3261678338349396,0.5874288523158921,0.4182002912589317,0.99,0.3906180710051967,0.3906180698959947
FS,47.788212789950165,0.000794246953109174,False,False,False,True,0.3213989471689105,True,78.12817706616657,FS_v81_tm40,-40,4213176976.009049,0.6746742331261162,0.4836855405976618,0.554475937214245,0.142105257268513,0.2746720949065792,0.4563789044106313,0.81,0.4686800277716286,0.4686445800231377
FS,51.76834765919195,0.0008894393597986097,False,False,False,True,0.2568161341287452,True,69.52518584010357,FS_v81_tp27,27,4563183134.265279,0.5415301843901288,0.4258593828577599,0.5343545983530967,0.1605625809102815,0.31637608259633,0.4222551036976983,0.81,0.4273695230245728,0.4273695228386181
FS,48.78722240971768,0.001006367079921715,False,False,False,True,0.1613812375440833,True,65.49412240147144,FS_v81_tp125,125,3692552149.966728,0.3425347061514504,0.4001674444199378,0.5014388485845455,0.1904505456494249,0.3770786517569378,0.3737400154082713,0.81,0.3722327677513418,0.3722327670786065
FS,56.87987064690649,0.0008866013207638673,True,True,True,True,0.3248247602336035,True,63.54546025167008,FS_v90_tm40,-40,5505849999.899471,0.681819820879811,0.4557965086920641,0.5544760138072156,0.223109099028704,0.3621691032235287,0.4606543484744708,0.9,0.4646484082930749,0.4646484080105207
FS,59.02754717615493,0.0009710901395127747,False,True,False,True,0.2597602119515736,True,61.5745956188141,FS_v90_tp27,27,4427064986.358818,0.5476973369697224,0.3855608176739336,0.5343546884026239,0.2400396071893881,0.4038235867651769,0.4265106499441242,0.9,0.4228779118784065,0.4228779115090373
FS,58.10401931956865,0.001078804849104794,False,True,False,True,0.1641333211922565,True,64.89649186861949,FS_v90_tp125,125,2417007359.7942476,0.3483557128346048,0.2662146904747346,0.5014389457018401,0.269195555381806,0.4644769044232605,0.3779976260732981,0.9,0.3604838241132824,0.3604838233415859
FS,61.945660258466894,0.0009631128174939071,False,True,False,False,0.327312224839572,True,58.69744138428062,FS_v99_tm40,-40,3997023119.5844707,0.6870088966688684,0.4048951721701115,0.5544760908442574,0.3107897657127818,0.4502996045618599,0.464110391770266,0.99,0.4595303743243721,0.4595303747432168
FS,62.08121777273428,0.001048953173707144,False,True,False,True,0.262125641253488,True,67.28136155098261,FS_v99_tp27,27,1766294463.8087962,0.5526518120464127,0.3038536281424294,0.534354770440244,0.3269854963017874,0.4918399792382188,0.4300310510906248,0.99,0.4157694890769607,0.415769487815957
FS,57.11636067723991,0.001153291359390156,False,True,False,True,0.1664549397630769,True,86.68195684424923,FS_v99_tp125,125,226262996.62288246,0.3532653929447584,0.1245624153167831,0.5014390242092178,0.3555431469323567,0.552373146199986,0.3816052450683184,0.99,0.3358836624312792,0.3358836573277622
